,sequence, exp_LB, exp_M9, the smallest edit distance, exp percentage + ,start_sequence
0,TAAAGGTGGTTTACTGGACACTATAGAACTT,27545.2241,5332.64737,6,   1/2  ,TAATTAGTATTTACTGGACACTATAGAACTG
1,TCACAGAAATTTAGCGGACACTATAGAAGTA,30663.19867,4526.598928,6,   1/2  ,TAATCAGTATTTACCGGACACTATAGAAGTG
2,GCAAGGATATTTAACGGACACTATAGAAGCT,39368.45262,6253.858463,6,   1/2  ,TAATCGGTATTTACCGGACACTATAGAAGCT
3,GGAGACATATATACTGGACACTATAGAAAAC,20611.05856,3273.182631,7,   1/3  ,GGATCAGTATTTACAGGACACTATAGAAGGC
4,GCGTTAGTGATTACTTGACACTATAGAAGCC,19004.59662,3372.365908,6,   1/3  ,GAATCAGTAATTACATGACACTATAGAAGCG
5,TCTTCCGTTCTTACTGGACACTATAGAATCT,20791.44368,3116.650362,6,   1/3  ,TAATCCGTATTTACTGGACACTATAGAACTG
6,TGGTAAGGAATTAATGGACACTATAGAACCA,20380.85706,3912.099271,6,   1/3  ,TAGTCAGGATTTAATGGACACTATAGAAGGG
7,AAAGGACAATTTACTAGCCACTATAGAAGAA,14444.06924,2166.145591,6,   1/4  ,GAAGCAGTATTTACTGGACACTATAGAAGGA
8,CAGCGAACATTTAGTAGCCACTATAGAAGGG,18562.02013,2725.380476,6,   1/4  ,CAAGCAGGATTTACTGGCCACTATAGAAGGG
9,TAAACGCTATATACTGGACACTCTAGAAACC,14187.18931,2362.98252,6,   1/4  ,TAATCGGTATTTACTGGACACTATAGAAGGC
10,ATGTCGATCTTTATTGGACACTATGGAAGGT,8893.226243,1710.009956,6,   1/6  ,TAGTCGGTATTTACTGGACACTATGGAAGGG
11,TTGAGAGGCTTTACTCGACACTATAGAAGTG,11411.40266,1728.073201,6,   1/6  ,TAAAGAGGATTTACTGGACACTATTGAAGGG
12,CAAGTATAAGTTATAGGACACTATAGAAGGA,11083.74789,1752.012605,6,   1/6  ,GAAGCAGTATTTACTGGACACTATAGAAGGA
13,TAGCAACCATTTATTGGACACTATAGGGGGT,9112.81334,1692.898554,6,   1/6  ,TAGTCACTATTTACTGGACACTATAGATGGG
14,TTATGCGTTTATACCGGACACTATAGTAGAA,11186.02965,1509.374717,6,   1/6  ,TTATCCGTTTTTACTGGACACTTTAGAAGGA
15,TGATTATGGCTTACTGGACACTATAGACCGA,6837.734237,1482.62147,6,   1/8  ,TCATTAGTCTTTACTGGACACTATAGACGGG
16,TTCTGATTGTTTAAATGACACTATAGAAGTG,7464.90233,1558.102693,6,   1/8  ,TACTGATTATTTACTGGACACTATAGAAGGG
17,TGCTCAATCATTACTGGACAGTATAGAATTA,7619.155087,1404.186378,6,   1/8  ,TGATCAGTAATTACTGGACACTATAGAAGTG
18,TGATCGGGCCTTCGAGGACACTATAGAAGGA,9942.942111,1212.721752,6,   1/8  ,TAATCGGTATTTCCTGGACACTATAGAAGGA
19,GAAATCGAACTTAACGGACACTCTAGAACAA,7050.809323,1564.352651,7,   1/8  ,GTATCAGTACTTAATGGACACTCTAGAAGGG
20,GAATCGCCCATTGCAGGACACTCTAGAATGG,5805.940285,929.0113314,7,   1/12 ,TAAACAGCCATTACTGGACACTATAGAATGG
21,TAGTTAAGATTTAGAGGACAGTATAGGATGA,5549.829187,880.0145179,6,   1/12 ,TAGTAAATATTTACAGGACAGTATAGAAGGG
22,TTTTCAATATTTGCAGGACACTCTAGGAGCG,4974.215894,815.4413261,6,   1/12 ,TTTTCATTATTTGCTGGACACTCCAGATCGG
23,CAAATCCGATTTATCGGACACTATGGAGCGG,5474.206503,1039.993571,6,   1/12 ,CAATCAGAATTTACCGGACACTATAGGAGGG
24,TAAACGCGACTTGCCGGACACTCTAGAAATA,5448.491439,1040.554013,6,   1/12 ,TAAACGCTATATACTGGACACTCTAGAAACC
25,ATGTCACTATTTCTTTGACACTATAGACGAT,3574.134238,606.4803341,7,   1/16 ,CAATCAGTATTTATTGGACACTATAGACGAG
26,TCAACCGTGCTCATAGGACACTATAGAAGGA,3657.8799,765.0294377,6,   1/16 ,TCATCAGTGTTTACTGGACACTATAGAAGGG
27,GGATGCTGAGTTACGGGACACTATAGACGCG,3896.296944,622.5584104,6,   1/16 ,GGATCCGTATTTACTGGACACTATAGAAGCG
28,TACTGTGTATTTCCCGGACAGTATAGAAATG,4098.296694,730.4858305,6,   1/16 ,TAATGAGTATTTCCTGGACACTATAGAATGG
29,GACGCCGTCTCTAACGGACACTATAGACGGG,3687.559623,753.510929,6,   1/16 ,TACTCAGTCTTTACCGGACACTATAGATGGG
30,AAGCAAGTGGGTGCAGGACACTATAGAAGGG,2411.032672,501.0649977,6,   1/24 ,TAACAAGTAGTTACTGGACACTATAGAAGGG
31,GGATTAGTGTTAATTGGCCAGTATAGAAGCG,2443.696553,531.3463509,7,   1/24 ,GGATCCGTATTTACTGGACACTATAGAAGCG
32,CAAACCGAATTTCCAGGACACTATAGGGAGT,2503.159608,393.7912776,7,   1/24 ,TAATCCGTATTTCCTGGACACTATAGAAGGT
33,TACCCAGTTCTTACTAGACACTATAGGACTG,2541.439157,501.6121443,6,   1/24 ,TAATCAGTATTTACTCGACACTATAGAACTG
34,CTGCCGTACTTTCCTGGACACTATGGAAGAT,3082.554117,531.1844542,6,   1/24 ,CTGTCCGTATTTACTGGACACTATAGAAGGG
35,CTATCTGTGTTTCCGGGACACTATAGTAGAG,2457.07278,345.1872371,6,   1/32 ,TACTCAGTGTTTACGGGACACTATAGAAGGG
36,GAATCACGAGCTGCCCGACACTATAGAAAGG,1937.536409,395.6354568,6,   1/32 ,TAATCAGGAGCTACTGGACACTATAGAAGGG
37,GTGTGAGTATTTACCGAACACTATAGAGGAT,1795.972739,326.1735278,6,   1/32 ,TAGTCAGTATTTACCGGACACTATAGAGGGG
38,TTAACACTATTTCAGGGACACTCTAGAACGG,2203.845396,353.2561823,6,   1/32 ,TAATCATTATTTAATGGACACTCTAGAACCG
39,TACACAGAACTTAGACGACATTCTAGAAGCG,1977.594063,268.7721828,6,   1/32 ,TAATCAGTACTTACTCGACATTCTAGAAGGG
40,AAAACAGTATTTAGTTGACACTAGTGAAAAC,1130.042541,235.0503936,6,   1/48 ,TAATCAGTATTTAGTGGACACTATTGAAGGC
41,GTACCAGTATTTGCTTGACACTTTGGAATGC,1130.262927,253.8477516,6,   1/48 ,GTATCAGTATTTACTGGACACTATGGAACGG
42,TTTTCTTTCGTAAGGGGACACTATAGATGGG,1228.754054,237.6345857,7,   1/48 ,TAATCATTCGTTACTGGACACTATAGAAGGG
43,CGGTTGTTATTTCTTGCACACTATAGAAGGG,1302.194539,219.1666735,6,   1/48 ,TAGTCGGTATTTCCTGGACACTATAGAAGGG
44,GAACTAGTACTTAAAGGACACTATCGAAGGC,1301.134468,257.6239391,6,   1/48 ,TAACCAGTACTTACAGGACACTATACAAGGG
45,TATTCGCATTTTTCGGGACACTATGGACGGG,917.8025863,152.0354888,6,   1/64 ,TAATCAGTATTTTTTGGACACTATGGAAGGG
46,TACTCGGTACTTAAGGGACACTATGGACGAT,899.8403185,180.0120356,6,   1/64 ,TAATCAGTACTTACTGGACACTATGGACGCG
47,TTATCACGACTTACGCGACACTACAGAAGGA,888.4166266,172.6496462,6,   1/64 ,TAATCAGGATTTACTCGACAGTATAGAAGGA
48,TACTATTTCATTACTTGACAATATAGACGCG,861.4667834,197.2653661,7,   1/64 ,TAATCAGTAATTACTTGACACTATAGACGGG
49,TACCCAACATTAATTCGACAGTATAGAGGGG,886.6530278,178.1316967,6,   1/64 ,TAATCAATATTAACTGGACACTATAGAGGGG
50,CAATTACCCTATATTGGTCACTATAGAAGGT,659.1020047,130.6912989,6,   1/96 ,TAATTACTATCTACTGGTCACTATAGAAGGG
51,TAGTCAGTGATAAAGGCACACTATAGAAGAT,631.8019213,118.8237335,6,   1/96 ,TAATCAGTAATTACGGCACACTATAGAAGGG
52,ATATCGCTTTTTCCTGGTCACTATAGAACCA,804.2603695,119.8550261,7,   1/96 ,TAATCGGTATTTCCTGGACACTATAGAAGGA
53,TTATAAAGCAATTCAGGACAGTATGGAAGGG,614.808484,124.0226377,6,   1/96 ,TCATCAGTATTTTCTGGACAGTATGGAAGGG
54,TCCGTTGTACTTTCTCGACACTATGGAATCG,601.3171231,109.4920297,6,   1/96 ,TTAGTAGTATTTACTGGACACTATAGAAGCG
55,TCACCTGTCTGTAGGGGACAGTATAGACGGG,541.2400752,92.87252454,6,   1/128,TAACCAGTATTTACGGGACACTATAGACGGG
56,TAATCCGGATTTCCCGGACACTTTCGAGGCT,478.1263077,80.37238916,6,   1/128,TAATCCGTATTTCCTGGACACTATAGAAGCG
57,TACCCAGTAATTAGTCGACCCTATAGACGGT,462.5657609,83.76436137,6,   1/128,TAATAAGTAATTACTCGACACTATAGAAGGT
58,TATTAATGATTTAGTCGACATTACTAGAAGG,477.0633203,90.30984659,7,   1/128,TAATCAGGATTTACTCGACAGTATAGAAGGA
59,CTACGATTTTTTGGAGGACAATAAAGAAGAG,493.0072622,97.53539064,7,   1/128,CTACCAGTATTTGGTGGGCAATATAGAAGGG
